{"cameraMode":{"drawMode":0,"name":"Shaded","section":"Shading Mode"},"sceneLighting":true,"audioPlay":false,"sceneViewState":{"m_AlwaysRefresh":false,"showFog":true,"showSkybox":true,"showFlares":true,"showImageEffects":true,"showParticleSystems":true,"showVisualEffectGraphs":true,"m_FxEnabled":true},"in2DMode":false,"pivot":{"x":-2.405484437942505,"y":-56.78396987915039,"z":139.77784729003907},"rotation":{"x":0.16451624035835267,"y":0.02422737143933773,"z":-0.003984130918979645,"w":0.9861213564872742},"size":78.84708404541016,"orthographic":false}